Norm_Error,Gamma_Scenario,Probability,Normalized
0,22.58961396,0.62465526,0.903686778
2,106.6602783,0.060597536,0.087666263
3,208.3174918,0.005977036,0.008646959
