,Investment,Reinvestment,Avg Recourse,Load Lost%,Load Served%,Load Transferred%,Grid Load%,Grid Exported,Bill Before,Bill After,Robustness,Redundancy,Resourcefulness
0,467957.99999999994,0.0,666777.5497242411,0.6036024102931232,0.17021377186469983,0.14900781219968243,0.07717600564249454,1800.3786049710545,148880.77590014282,143930.5171656588,0.9958208118795907,0.1427728002951437,0.4114947436257376
