,Investment,Reinvestment,Avg Recourse,Load Lost%,Load Served%,Load Transferred%,Grid Load%,Grid Exported,Grid Imported,Bill Before,Bill After,Robustness,Redundancy,Resourcefulness,ES1,PV1,DG1,ES2,PV2,DG2
0,467957.99999999994,148862.01502540734,2007113.6327920654,0.4778815549571962,0.19764443219043892,0.10438287239527866,0.41804305507105993,2333.918440463357,356542.35344598244,121711.20588816275,108065.23531390967,0.5941020336675398,0.17787998897139504,0.3398497918003755,300.0,114.0,0.0,252.7603759392299,19.286732976657184,0.0
