,Investment,Reinvestment,Avg Recourse,Load Lost%,Load Served%,Load Transferred%,Grid Load%,Grid Exported,Robustness,Redundancy,Resourcefulness
0,989841.4400000001,498176.00000000006,-1167518.572251324,0.6489524104317718,0.31807168365784994,0.0,0.03297590591037837,19550.670552383865,0.7981130923583755,0.33835176506863396,1.013040822674507
