,Investment,Reinvestment,Avg Recourse,Load Lost%,Load Served%,Load Transferred%,Grid Load%,Grid Exported,Bill Before,Bill After,Robustness,Redundancy,Resourcefulness
0,0.0,51749.99999999999,3994443.267452966,0.062948639842357,0.14223363088247787,0.13044288875161386,0.6643748405235512,1.850093270640925e-06,101158.72655197808,98343.08873451782,1.0,0.02803716860113607,0.04829269129674069
