,Investment,Reinvestment,Avg Recourse,Load Lost%,Load Served%,Load Transferred%,Grid Load%,Grid Exported,Bill Before,Bill After,Robustness,Redundancy,Resourcefulness
0,467957.99999999994,170502.2408992553,2035659.4739565786,0.043759356794371845,0.7042745143903905,0.18828691281182158,0.06367921600341606,1967.5976554094493,101158.72655197808,86553.25391094091,0.9111391070883129,0.20980200908081134,0.3178641782396256
