,Investment,Reinvestment,Avg Recourse,Load Lost%,Load Served%,Load Transferred%,Grid Load%,Grid Exported,Grid Imported,Bill Before,Bill After,Robustness,Redundancy,Resourcefulness,ES1,PV1,DG1,ES2,PV2,DG2
0,2386549.0,1046260.5655391102,18779619.41648995,0.5450627087647973,0.2716702850912557,0.09979469213609815,0.42288207117475174,17827.280121450014,1719590.8277269967,498802.88673193473,447190.85256190377,0.6893010746394782,0.24450325658213012,0.39118966497184104,1200.0,617.0,0.0,722.0838324132799,249.34052028668404,0.0
