,ES%,PV%,DG%,DRP%
row,7.012032969345537,36.818686044993015,31.962906259490016,11.009006486559661
