,ES%,PV%,DG%,DRP%
row,3.2099789432415626,24.23361688855238,30.404809852189477,12.001738679771348
