,Investment,Expansion,Bill Saving,Phi,Lambda,E
row,294823.6,30714.3789104358,0.044099777675586246,1.0,0.7098700678369,1.0
