,Investment,Expansion,Bill Saving,Phi,Lambda,E
row,521098.0,29266.8751428506,0.0374374874249423,1.0,0.5788101381193224,1.0
