,ES%,PV%,DG%,DRP%
row,2.3151306123387574,45.22643032783105,19.404564664244734,9.87608734601781
