Lognorm Scenario,Probability
4.366015694,0.308304909
9.816372711,0.382924923
17.95893922,0.308304909
